{
  "fecha_ejecucion": "20260424_112336",
  "columna_objetivo": "Sulfato",
  "columnas_a_evaluar": [
    "Turbiedad_cruda",
    "Color_agua_Natural",
    "pH_cruda",
    "Alcalinidad_total_cruda"
  ],
  "numero_capas_ocultas": 4,
  "neuronas_por_capa": [
    64,
    32,
    16,
    8
  ],
  "clases_objetivo": [
    "39.900000000000006",
    "41.230000000000004",
    "42.56",
    "43.89",
    "45.22",
    "46.550000000000004",
    "47.88",
    "49.21",
    "50.540000000000006",
    "51.870000000000005",
    "53.2",
    "54.53",
    "55.86",
    "57.190000000000005",
    "58.52",
    "59.85",
    "61.18000000000001",
    "62.510000000000005",
    "63.84",
    "65.17",
    "66.5",
    "67.83",
    "69.16",
    "70.49000000000001",
    "73.15"
  ],
  "loss_test": 1.87480628490448,
  "accuracy_test": 0.3778301179409027,
  "tiempo_entrenamiento_segundos": 171.01483400000143,
  "tiempo_entrenamiento_ms": 171014.83400000143,
  "latencia_prediccion": {
    "tiempo_total_prediccion_segundos": 0.777767200001108,
    "latencia_promedio_prediccion_ms": 0.10178866640506583,
    "muestras_test": 7641
  },
  "analisis_eficiencia": {
    "global": {
      "total_muestras_test": 7641,
      "aciertos_exactos_count": 2887,
      "aciertos_exactos_porcentaje": 37.783012694673474,
      "dentro_rango_pm2_count": 4450,
      "dentro_rango_pm2_porcentaje": 58.23845046459888,
      "por_encima_hasta_2_count": 775,
      "por_debajo_hasta_2_count": 788
    },
    "por_categoria": {
      "39.900000000000006": {
        "total_reales": 298,
        "aciertos_exactos": 189,
        "aciertos_exactos_porcentaje": 63.42281879194631,
        "dentro_rango_pm2": 249,
        "dentro_rango_pm2_porcentaje": 83.55704697986577
      },
      "41.230000000000004": {
        "total_reales": 26,
        "aciertos_exactos": 1,
        "aciertos_exactos_porcentaje": 3.8461538461538463,
        "dentro_rango_pm2": 19,
        "dentro_rango_pm2_porcentaje": 73.07692307692307
      },
      "42.56": {
        "total_reales": 910,
        "aciertos_exactos": 611,
        "aciertos_exactos_porcentaje": 67.14285714285714,
        "dentro_rango_pm2": 749,
        "dentro_rango_pm2_porcentaje": 82.3076923076923
      },
      "43.89": {
        "total_reales": 23,
        "aciertos_exactos": 1,
        "aciertos_exactos_porcentaje": 4.3478260869565215,
        "dentro_rango_pm2": 10,
        "dentro_rango_pm2_porcentaje": 43.47826086956522
      },
      "45.22": {
        "total_reales": 649,
        "aciertos_exactos": 195,
        "aciertos_exactos_porcentaje": 30.0462249614792,
        "dentro_rango_pm2": 335,
        "dentro_rango_pm2_porcentaje": 51.61787365177196
      },
      "46.550000000000004": {
        "total_reales": 57,
        "aciertos_exactos": 5,
        "aciertos_exactos_porcentaje": 8.771929824561402,
        "dentro_rango_pm2": 20,
        "dentro_rango_pm2_porcentaje": 35.08771929824561
      },
      "47.88": {
        "total_reales": 523,
        "aciertos_exactos": 139,
        "aciertos_exactos_porcentaje": 26.577437858508606,
        "dentro_rango_pm2": 219,
        "dentro_rango_pm2_porcentaje": 41.87380497131931
      },
      "49.21": {
        "total_reales": 131,
        "aciertos_exactos": 28,
        "aciertos_exactos_porcentaje": 21.374045801526716,
        "dentro_rango_pm2": 40,
        "dentro_rango_pm2_porcentaje": 30.53435114503817
      },
      "50.540000000000006": {
        "total_reales": 902,
        "aciertos_exactos": 373,
        "aciertos_exactos_porcentaje": 41.352549889135254,
        "dentro_rango_pm2": 497,
        "dentro_rango_pm2_porcentaje": 55.09977827050998
      },
      "51.870000000000005": {
        "total_reales": 90,
        "aciertos_exactos": 0,
        "aciertos_exactos_porcentaje": 0.0,
        "dentro_rango_pm2": 26,
        "dentro_rango_pm2_porcentaje": 28.888888888888886
      },
      "53.2": {
        "total_reales": 986,
        "aciertos_exactos": 338,
        "aciertos_exactos_porcentaje": 34.27991886409736,
        "dentro_rango_pm2": 601,
        "dentro_rango_pm2_porcentaje": 60.95334685598377
      },
      "54.53": {
        "total_reales": 167,
        "aciertos_exactos": 55,
        "aciertos_exactos_porcentaje": 32.93413173652694,
        "dentro_rango_pm2": 119,
        "dentro_rango_pm2_porcentaje": 71.25748502994011
      },
      "55.86": {
        "total_reales": 874,
        "aciertos_exactos": 474,
        "aciertos_exactos_porcentaje": 54.23340961098398,
        "dentro_rango_pm2": 564,
        "dentro_rango_pm2_porcentaje": 64.53089244851259
      },
      "57.190000000000005": {
        "total_reales": 249,
        "aciertos_exactos": 37,
        "aciertos_exactos_porcentaje": 14.859437751004014,
        "dentro_rango_pm2": 102,
        "dentro_rango_pm2_porcentaje": 40.963855421686745
      },
      "58.52": {
        "total_reales": 436,
        "aciertos_exactos": 65,
        "aciertos_exactos_porcentaje": 14.908256880733944,
        "dentro_rango_pm2": 262,
        "dentro_rango_pm2_porcentaje": 60.09174311926605
      },
      "59.85": {
        "total_reales": 185,
        "aciertos_exactos": 91,
        "aciertos_exactos_porcentaje": 49.18918918918919,
        "dentro_rango_pm2": 115,
        "dentro_rango_pm2_porcentaje": 62.16216216216216
      },
      "61.18000000000001": {
        "total_reales": 548,
        "aciertos_exactos": 61,
        "aciertos_exactos_porcentaje": 11.13138686131387,
        "dentro_rango_pm2": 179,
        "dentro_rango_pm2_porcentaje": 32.66423357664234
      },
      "62.510000000000005": {
        "total_reales": 99,
        "aciertos_exactos": 27,
        "aciertos_exactos_porcentaje": 27.27272727272727,
        "dentro_rango_pm2": 57,
        "dentro_rango_pm2_porcentaje": 57.57575757575758
      },
      "63.84": {
        "total_reales": 264,
        "aciertos_exactos": 146,
        "aciertos_exactos_porcentaje": 55.3030303030303,
        "dentro_rango_pm2": 178,
        "dentro_rango_pm2_porcentaje": 67.42424242424242
      },
      "65.17": {
        "total_reales": 3,
        "aciertos_exactos": 0,
        "aciertos_exactos_porcentaje": 0.0,
        "dentro_rango_pm2": 3,
        "dentro_rango_pm2_porcentaje": 100.0
      },
      "66.5": {
        "total_reales": 173,
        "aciertos_exactos": 49,
        "aciertos_exactos_porcentaje": 28.32369942196532,
        "dentro_rango_pm2": 98,
        "dentro_rango_pm2_porcentaje": 56.64739884393064
      },
      "67.83": {
        "total_reales": 3,
        "aciertos_exactos": 0,
        "aciertos_exactos_porcentaje": 0.0,
        "dentro_rango_pm2": 3,
        "dentro_rango_pm2_porcentaje": 100.0
      },
      "69.16": {
        "total_reales": 31,
        "aciertos_exactos": 0,
        "aciertos_exactos_porcentaje": 0.0,
        "dentro_rango_pm2": 3,
        "dentro_rango_pm2_porcentaje": 9.67741935483871
      },
      "70.49000000000001": {
        "total_reales": 5,
        "aciertos_exactos": 0,
        "aciertos_exactos_porcentaje": 0.0,
        "dentro_rango_pm2": 0,
        "dentro_rango_pm2_porcentaje": 0.0
      },
      "73.15": {
        "total_reales": 9,
        "aciertos_exactos": 2,
        "aciertos_exactos_porcentaje": 22.22222222222222,
        "dentro_rango_pm2": 2,
        "dentro_rango_pm2_porcentaje": 22.22222222222222
      }
    }
  },