{
  "fecha_ejecucion": "20260427_110139",
  "columna_objetivo": "Sulfato",
  "columnas_a_evaluar": [
    "Turbiedad_cruda",
    "Color_agua_Natural",
    "pH_cruda",
    "Alcalinidad_total_cruda"
  ],
  "numero_capas_ocultas": 2,
  "neuronas_por_capa": [
    64,
    32
  ],
  "clases_objetivo": [
    "39.900000000000006",
    "41.230000000000004",
    "42.56",
    "43.89",
    "45.22",
    "46.550000000000004",
    "47.88",
    "49.21",
    "50.540000000000006",
    "51.870000000000005",
    "53.2",
    "54.53",
    "55.86",
    "57.190000000000005",
    "58.52",
    "59.85",
    "61.18000000000001",
    "62.510000000000005",
    "63.84",
    "65.17",
    "66.5",
    "67.83",
    "69.16",
    "70.49000000000001",
    "73.15"
  ],
  "loss_test": 1.8451030254364014,
  "accuracy_test": 0.37643977999687195,
  "tiempo_entrenamiento_segundos": 118.58041460000095,
  "tiempo_entrenamiento_ms": 118580.41460000095,
  "latencia_prediccion": {
    "tiempo_total_prediccion_segundos": 0.2637725000095088,
    "latencia_promedio_prediccion_ms": 0.034525196336323144,
    "muestras_test": 7640
  },
  "analisis_eficiencia": {
    "global": {
      "total_muestras_test": 7640,
      "aciertos_exactos_count": 2876,
      "aciertos_exactos_porcentaje": 37.64397905759162,
      "dentro_rango_pm2_count": 4419,
      "dentro_rango_pm2_porcentaje": 57.840314136125656,
      "por_encima_hasta_2_count": 777,
      "por_debajo_hasta_2_count": 766
    },
    "por_categoria": {
      "39.900000000000006": {
        "total_reales": 298,
        "aciertos_exactos": 138,
        "aciertos_exactos_porcentaje": 46.308724832214764,
        "dentro_rango_pm2": 229,
        "dentro_rango_pm2_porcentaje": 76.84563758389261
      },
      "41.230000000000004": {
        "total_reales": 26,
        "aciertos_exactos": 3,
        "aciertos_exactos_porcentaje": 11.538461538461538,
        "dentro_rango_pm2": 20,
        "dentro_rango_pm2_porcentaje": 76.92307692307693
      },
      "42.56": {
        "total_reales": 910,
        "aciertos_exactos": 660,
        "aciertos_exactos_porcentaje": 72.52747252747253,
        "dentro_rango_pm2": 767,
        "dentro_rango_pm2_porcentaje": 84.28571428571429
      },
      "43.89": {
        "total_reales": 23,
        "aciertos_exactos": 1,
        "aciertos_exactos_porcentaje": 4.3478260869565215,
        "dentro_rango_pm2": 13,
        "dentro_rango_pm2_porcentaje": 56.52173913043478
      },
      "45.22": {
        "total_reales": 649,
        "aciertos_exactos": 266,
        "aciertos_exactos_porcentaje": 40.98613251155624,
        "dentro_rango_pm2": 403,
        "dentro_rango_pm2_porcentaje": 62.09553158705701
      },
      "46.550000000000004": {
        "total_reales": 57,
        "aciertos_exactos": 6,
        "aciertos_exactos_porcentaje": 10.526315789473683,
        "dentro_rango_pm2": 23,
        "dentro_rango_pm2_porcentaje": 40.35087719298245
      },
      "47.88": {
        "total_reales": 524,
        "aciertos_exactos": 59,
        "aciertos_exactos_porcentaje": 11.259541984732824,
        "dentro_rango_pm2": 225,
        "dentro_rango_pm2_porcentaje": 42.93893129770993
      },
      "49.21": {
        "total_reales": 131,
        "aciertos_exactos": 38,
        "aciertos_exactos_porcentaje": 29.00763358778626,
        "dentro_rango_pm2": 56,
        "dentro_rango_pm2_porcentaje": 42.74809160305343
      },
      "50.540000000000006": {
        "total_reales": 902,
        "aciertos_exactos": 399,
        "aciertos_exactos_porcentaje": 44.2350332594235,
        "dentro_rango_pm2": 521,
        "dentro_rango_pm2_porcentaje": 57.76053215077606
      },
      "51.870000000000005": {
        "total_reales": 90,
        "aciertos_exactos": 0,
        "aciertos_exactos_porcentaje": 0.0,
        "dentro_rango_pm2": 29,
        "dentro_rango_pm2_porcentaje": 32.22222222222222
      },
      "53.2": {
        "total_reales": 986,
        "aciertos_exactos": 395,
        "aciertos_exactos_porcentaje": 40.06085192697768,
        "dentro_rango_pm2": 646,
        "dentro_rango_pm2_porcentaje": 65.51724137931035
      },
      "54.53": {
        "total_reales": 167,
        "aciertos_exactos": 70,
        "aciertos_exactos_porcentaje": 41.91616766467065,
        "dentro_rango_pm2": 116,
        "dentro_rango_pm2_porcentaje": 69.46107784431138
      },
      "55.86": {
        "total_reales": 874,
        "aciertos_exactos": 375,
        "aciertos_exactos_porcentaje": 42.90617848970252,
        "dentro_rango_pm2": 527,
        "dentro_rango_pm2_porcentaje": 60.297482837528605
      },
      "57.190000000000005": {
        "total_reales": 249,
        "aciertos_exactos": 54,
        "aciertos_exactos_porcentaje": 21.686746987951807,
        "dentro_rango_pm2": 93,
        "dentro_rango_pm2_porcentaje": 37.34939759036144
      },
      "58.52": {
        "total_reales": 436,
        "aciertos_exactos": 54,
        "aciertos_exactos_porcentaje": 12.385321100917432,
        "dentro_rango_pm2": 165,
        "dentro_rango_pm2_porcentaje": 37.84403669724771
      },
      "59.85": {
        "total_reales": 185,
        "aciertos_exactos": 69,
        "aciertos_exactos_porcentaje": 37.2972972972973,
        "dentro_rango_pm2": 87,
        "dentro_rango_pm2_porcentaje": 47.02702702702703
      },
      "61.18000000000001": {
        "total_reales": 548,
        "aciertos_exactos": 74,
        "aciertos_exactos_porcentaje": 13.503649635036496,
        "dentro_rango_pm2": 176,
        "dentro_rango_pm2_porcentaje": 32.11678832116788
      },
      "62.510000000000005": {
        "total_reales": 98,
        "aciertos_exactos": 13,
        "aciertos_exactos_porcentaje": 13.26530612244898,
        "dentro_rango_pm2": 47,
        "dentro_rango_pm2_porcentaje": 47.95918367346938
      },
      "63.84": {
        "total_reales": 264,
        "aciertos_exactos": 146,
        "aciertos_exactos_porcentaje": 55.3030303030303,
        "dentro_rango_pm2": 172,
        "dentro_rango_pm2_porcentaje": 65.15151515151516
      },
      "65.17": {
        "total_reales": 3,
        "aciertos_exactos": 0,
        "aciertos_exactos_porcentaje": 0.0,
        "dentro_rango_pm2": 3,
        "dentro_rango_pm2_porcentaje": 100.0
      },
      "66.5": {
        "total_reales": 173,
        "aciertos_exactos": 54,
        "aciertos_exactos_porcentaje": 31.213872832369944,
        "dentro_rango_pm2": 93,
        "dentro_rango_pm2_porcentaje": 53.75722543352601
      },
      "67.83": {
        "total_reales": 2,
        "aciertos_exactos": 0,
        "aciertos_exactos_porcentaje": 0.0,
        "dentro_rango_pm2": 2,
        "dentro_rango_pm2_porcentaje": 100.0
      },
      "69.16": {
        "total_reales": 31,
        "aciertos_exactos": 2,
        "aciertos_exactos_porcentaje": 6.451612903225806,
        "dentro_rango_pm2": 6,
        "dentro_rango_pm2_porcentaje": 19.35483870967742
      },
      "70.49000000000001": {
        "total_reales": 5,
        "aciertos_exactos": 0,
        "aciertos_exactos_porcentaje": 0.0,
        "dentro_rango_pm2": 0,
        "dentro_rango_pm2_porcentaje": 0.0
      },
      "73.15": {
        "total_reales": 9,
        "aciertos_exactos": 0,
        "aciertos_exactos_porcentaje": 0.0,
        "dentro_rango_pm2": 0,
        "dentro_rango_pm2_porcentaje": 0.0
      }
    }
  },