{
  "fecha_ejecucion": "20260427_105721",
  "columna_objetivo": "Sulfato",
  "columnas_a_evaluar": [
    "Turbiedad_cruda",
    "Color_agua_Natural",
    "pH_cruda",
    "Alcalinidad_total_cruda"
  ],
  "numero_capas_ocultas": 4,
  "neuronas_por_capa": [
    64,
    32,
    16,
    8
  ],
  "clases_objetivo": [
    "39.900000000000006",
    "41.230000000000004",
    "42.56",
    "43.89",
    "45.22",
    "46.550000000000004",
    "47.88",
    "49.21",
    "50.540000000000006",
    "51.870000000000005",
    "53.2",
    "54.53",
    "55.86",
    "57.190000000000005",
    "58.52",
    "59.85",
    "61.18000000000001",
    "62.510000000000005",
    "63.84",
    "65.17",
    "66.5",
    "67.83",
    "69.16",
    "70.49000000000001",
    "73.15"
  ],
  "loss_test": 1.9056507349014282,
  "accuracy_test": 0.36609947681427,
  "tiempo_entrenamiento_segundos": 151.67238090001047,
  "tiempo_entrenamiento_ms": 151672.38090001047,
  "latencia_prediccion": {
    "tiempo_total_prediccion_segundos": 0.2506172000139486,
    "latencia_promedio_prediccion_ms": 0.0328032984311451,
    "muestras_test": 7640
  },
  "analisis_eficiencia": {
    "global": {
      "total_muestras_test": 7640,
      "aciertos_exactos_count": 2797,
      "aciertos_exactos_porcentaje": 36.609947643979055,
      "dentro_rango_pm2_count": 4403,
      "dentro_rango_pm2_porcentaje": 57.63089005235602,
      "por_encima_hasta_2_count": 768,
      "por_debajo_hasta_2_count": 838
    },
    "por_categoria": {
      "39.900000000000006": {
        "total_reales": 298,
        "aciertos_exactos": 221,
        "aciertos_exactos_porcentaje": 74.16107382550335,
        "dentro_rango_pm2": 264,
        "dentro_rango_pm2_porcentaje": 88.59060402684564
      },
      "41.230000000000004": {
        "total_reales": 26,
        "aciertos_exactos": 1,
        "aciertos_exactos_porcentaje": 3.8461538461538463,
        "dentro_rango_pm2": 20,
        "dentro_rango_pm2_porcentaje": 76.92307692307693
      },
      "42.56": {
        "total_reales": 910,
        "aciertos_exactos": 568,
        "aciertos_exactos_porcentaje": 62.417582417582416,
        "dentro_rango_pm2": 759,
        "dentro_rango_pm2_porcentaje": 83.40659340659342
      },
      "43.89": {
        "total_reales": 23,
        "aciertos_exactos": 0,
        "aciertos_exactos_porcentaje": 0.0,
        "dentro_rango_pm2": 12,
        "dentro_rango_pm2_porcentaje": 52.17391304347826
      },
      "45.22": {
        "total_reales": 649,
        "aciertos_exactos": 218,
        "aciertos_exactos_porcentaje": 33.59013867488444,
        "dentro_rango_pm2": 353,
        "dentro_rango_pm2_porcentaje": 54.39137134052389
      },
      "46.550000000000004": {
        "total_reales": 57,
        "aciertos_exactos": 5,
        "aciertos_exactos_porcentaje": 8.771929824561402,
        "dentro_rango_pm2": 20,
        "dentro_rango_pm2_porcentaje": 35.08771929824561
      },
      "47.88": {
        "total_reales": 524,
        "aciertos_exactos": 132,
        "aciertos_exactos_porcentaje": 25.190839694656486,
        "dentro_rango_pm2": 237,
        "dentro_rango_pm2_porcentaje": 45.229007633587784
      },
      "49.21": {
        "total_reales": 131,
        "aciertos_exactos": 27,
        "aciertos_exactos_porcentaje": 20.610687022900763,
        "dentro_rango_pm2": 41,
        "dentro_rango_pm2_porcentaje": 31.297709923664126
      },
      "50.540000000000006": {
        "total_reales": 902,
        "aciertos_exactos": 304,
        "aciertos_exactos_porcentaje": 33.70288248337029,
        "dentro_rango_pm2": 536,
        "dentro_rango_pm2_porcentaje": 59.42350332594235
      },
      "51.870000000000005": {
        "total_reales": 90,
        "aciertos_exactos": 0,
        "aciertos_exactos_porcentaje": 0.0,
        "dentro_rango_pm2": 30,
        "dentro_rango_pm2_porcentaje": 33.33333333333333
      },
      "53.2": {
        "total_reales": 986,
        "aciertos_exactos": 469,
        "aciertos_exactos_porcentaje": 47.5659229208925,
        "dentro_rango_pm2": 656,
        "dentro_rango_pm2_porcentaje": 66.5314401622718
      },
      "54.53": {
        "total_reales": 167,
        "aciertos_exactos": 61,
        "aciertos_exactos_porcentaje": 36.52694610778443,
        "dentro_rango_pm2": 96,
        "dentro_rango_pm2_porcentaje": 57.48502994011976
      },
      "55.86": {
        "total_reales": 874,
        "aciertos_exactos": 339,
        "aciertos_exactos_porcentaje": 38.787185354691076,
        "dentro_rango_pm2": 506,
        "dentro_rango_pm2_porcentaje": 57.89473684210527
      },
      "57.190000000000005": {
        "total_reales": 249,
        "aciertos_exactos": 20,
        "aciertos_exactos_porcentaje": 8.032128514056225,
        "dentro_rango_pm2": 48,
        "dentro_rango_pm2_porcentaje": 19.27710843373494
      },
      "58.52": {
        "total_reales": 436,
        "aciertos_exactos": 31,
        "aciertos_exactos_porcentaje": 7.110091743119266,
        "dentro_rango_pm2": 198,
        "dentro_rango_pm2_porcentaje": 45.412844036697244
      },
      "59.85": {
        "total_reales": 185,
        "aciertos_exactos": 88,
        "aciertos_exactos_porcentaje": 47.56756756756757,
        "dentro_rango_pm2": 103,
        "dentro_rango_pm2_porcentaje": 55.67567567567567
      },
      "61.18000000000001": {
        "total_reales": 548,
        "aciertos_exactos": 72,
        "aciertos_exactos_porcentaje": 13.138686131386862,
        "dentro_rango_pm2": 173,
        "dentro_rango_pm2_porcentaje": 31.569343065693428
      },
      "62.510000000000005": {
        "total_reales": 98,
        "aciertos_exactos": 9,
        "aciertos_exactos_porcentaje": 9.183673469387756,
        "dentro_rango_pm2": 46,
        "dentro_rango_pm2_porcentaje": 46.93877551020408
      },
      "63.84": {
        "total_reales": 264,
        "aciertos_exactos": 154,
        "aciertos_exactos_porcentaje": 58.333333333333336,
        "dentro_rango_pm2": 181,
        "dentro_rango_pm2_porcentaje": 68.56060606060606
      },
      "65.17": {
        "total_reales": 3,
        "aciertos_exactos": 0,
        "aciertos_exactos_porcentaje": 0.0,
        "dentro_rango_pm2": 3,
        "dentro_rango_pm2_porcentaje": 100.0
      },
      "66.5": {
        "total_reales": 173,
        "aciertos_exactos": 78,
        "aciertos_exactos_porcentaje": 45.08670520231214,
        "dentro_rango_pm2": 112,
        "dentro_rango_pm2_porcentaje": 64.73988439306359
      },
      "67.83": {
        "total_reales": 2,
        "aciertos_exactos": 0,
        "aciertos_exactos_porcentaje": 0.0,
        "dentro_rango_pm2": 2,
        "dentro_rango_pm2_porcentaje": 100.0
      },
      "69.16": {
        "total_reales": 31,
        "aciertos_exactos": 0,
        "aciertos_exactos_porcentaje": 0.0,
        "dentro_rango_pm2": 7,
        "dentro_rango_pm2_porcentaje": 22.58064516129032
      },
      "70.49000000000001": {
        "total_reales": 5,
        "aciertos_exactos": 0,
        "aciertos_exactos_porcentaje": 0.0,
        "dentro_rango_pm2": 0,
        "dentro_rango_pm2_porcentaje": 0.0
      },
      "73.15": {
        "total_reales": 9,
        "aciertos_exactos": 0,
        "aciertos_exactos_porcentaje": 0.0,
        "dentro_rango_pm2": 0,
        "dentro_rango_pm2_porcentaje": 0.0
      }
    }
  },