{
  "fecha_ejecucion": "20260423_211734",
  "columna_objetivo": "Sulfato",
  "columnas_a_evaluar": [
    "Turbiedad_cruda",
    "Color_agua_Natural",
    "pH_cruda",
    "Alcalinidad_total_cruda"
  ],
  "numero_capas_ocultas": 2,
  "neuronas_por_capa": [
    64,
    32
  ],
  "clases_objetivo": [
    "39.900000000000006",
    "41.230000000000004",
    "42.56",
    "43.89",
    "45.22",
    "46.550000000000004",
    "47.88",
    "49.21",
    "50.540000000000006",
    "51.870000000000005",
    "53.2",
    "54.53",
    "55.86",
    "57.190000000000005",
    "58.52",
    "59.85",
    "61.18000000000001",
    "62.510000000000005",
    "63.84",
    "65.17",
    "66.5",
    "67.83",
    "69.16",
    "70.49000000000001",
    "73.15"
  ],
  "loss_test": 1.786478042602539,
  "accuracy_test": 0.3941892385482788,
  "historial": {
    "accuracy": [
      0.23457951843738556,
      0.2737647294998169,
      0.2900850772857666,
      0.2981429994106293,
      0.307100772857666,
      0.3193717300891876,
      0.328861266374588,
      0.33229711651802063,
      0.34019142389297485,
      0.3437091112136841,
      0.3498854637145996,
      0.35573461651802063,
      0.3552846908569336,
      0.35994765162467957,
      0.3634653091430664,
      0.366451233625412,
      0.36763742566108704,
      0.37033703923225403,
      0.37344568967819214,
      0.37487730383872986,
      0.37929484248161316,
      0.3780268430709839,
      0.3824443817138672,
      0.3825261890888214,
      0.38358965516090393,
      0.3855939209461212,
      0.3851030766963959,
      0.3885798454284668,
      0.3865346908569336,
      0.3868619203567505,
      0.3913203477859497,
      0.3885389268398285,
      0.39246565103530884,
      0.39549246430397034,
      0.39283376932144165,
      0.3930791914463043,
      0.39520615339279175,
      0.3961060345172882,
      0.3973331153392792,
      0.3985193073749542,
      0.3985193073749542,
      0.40203696489334106,
      0.40035995841026306,
      0.4024869203567505,
      0.4034685790538788,
      0.4038776159286499,
      0.40367311239242554,
      0.4051456153392792,
      0.4035094976425171,
      0.40375491976737976
    ],
    "loss": [
      2.36030650138855,
      2.193371057510376,
      2.123565912246704,
      2.077958583831787,
      2.0426671504974365,
      2.0122015476226807,
      1.9902695417404175,
      1.9690532684326172,
      1.9497665166854858,
      1.9335135221481323,
      1.918269395828247,
      1.9047565460205078,
      1.8941045999526978,
      1.8841768503189087,
      1.872010350227356,
      1.864113211631775,
      1.856885313987732,
      1.847985863685608,
      1.8430289030075073,
      1.83761465549469,
      1.8307960033416748,
      1.8256754875183105,
      1.819834589958191,
      1.8137915134429932,
      1.810112476348877,
      1.8055908679962158,
      1.8025676012039185,
      1.796318769454956,
      1.7946759462356567,
      1.7899348735809326,
      1.7858407497406006,
      1.7832894325256348,
      1.7794047594070435,
      1.7760311365127563,
      1.7725492715835571,
      1.7698053121566772,
      1.7679044008255005,
      1.7650481462478638,
      1.760737419128418,
      1.7597284317016602,
      1.7570194005966187,
      1.7542812824249268,
      1.7512588500976562,
      1.748386025428772,
      1.7468256950378418,
      1.7462469339370728,
      1.7426460981369019,
      1.73947274684906,
      1.7398207187652588,
      1.7386010885238647
    ],
    "val_accuracy": [
      0.24378272891044617,
      0.27863219380378723,
      0.294175386428833,
      0.30284684896469116,
      0.314463347196579,
      0.314463347196579,
      0.3257526159286499,
      0.3390052318572998,
      0.3447316884994507,
      0.3318062722682953,
      0.3414594233036041,
      0.34996727108955383,
      0.3548756539821625,
      0.3579843044281006,
      0.3560209572315216,
      0.36125653982162476,
      0.3674738109111786,
      0.3681282699108124,
      0.3689463436603546,
      0.36976438760757446,
      0.3684554994106293,
      0.3692735731601715,
      0.37009161710739136,
      0.3715641498565674,
      0.37614527344703674,
      0.37859946489334106,
      0.3781086504459381,
      0.37450915575027466,
      0.3781086504459381,
      0.376963347196579,
      0.37107330560684204,
      0.36878272891044617,
      0.38432592153549194,
      0.3709096908569336,
      0.3828533887863159,
      0.37958115339279175,
      0.37925392389297485,
      0.38367146253585815,
      0.3787630796432495,
      0.3861256539821625,
      0.3926701545715332,
      0.3889070749282837,
      0.38530758023262024,
      0.39005234837532043,
      0.38089004158973694,
      0.38268980383872986,
      0.3817081153392792,
      0.3869437277317047,
      0.38563480973243713,
      0.39087042212486267
    ],
    "val_loss": [
      2.252469301223755,
      2.161032199859619,
      2.1193952560424805,
      2.088623523712158,
      2.0425972938537598,
      2.0328938961029053,
      2.0178520679473877,
      1.994985580444336,
      1.9739478826522827,
      1.9732675552368164,
      1.9584884643554688,
      1.947941780090332,
      1.9249707460403442,
      1.9132704734802246,
      1.9144777059555054,
      1.9100501537322998,
      1.8933833837509155,
      1.8875597715377808,
      1.884982943534851,
      1.8827019929885864,
      1.8865286111831665,
      1.8732784986495972,
      1.8768048286437988,
      1.870054841041565,
      1.8621543645858765,
      1.8587881326675415,
      1.860264778137207,
      1.8471324443817139,
      1.8582755327224731,
      1.8453043699264526,
      1.8592796325683594,
      1.8616458177566528,
      1.8424909114837646,
      1.856566071510315,
      1.8272337913513184,
      1.8568391799926758,
      1.8382216691970825,
      1.8273301124572754,
      1.8311407566070557,
      1.8189187049865723,
      1.812975525856018,
      1.8188902139663696,
      1.8233891725540161,
      1.8189250230789185,
      1.8251240253448486,
      1.809955358505249,
      1.8223894834518433,
      1.8037420511245728,
      1.8186153173446655,
      1.8053994178771973
    ]
  },
  "reporte_clasificacion": {
    "39.900000000000006": {
      "precision": 0.5046153846153846,
      "recall": 0.5503355704697986,
      "f1-score": 0.5264847512038523,
      "support": 298.0
    },
    "41.230000000000004": {
      "precision": 0.36363636363636365,
      "recall": 0.15384615384615385,
      "f1-score": 0.21621621621621623,
      "support": 26.0
    },
    "42.56": {
      "precision": 0.5208526413345691,
      "recall": 0.6175824175824176,
      "f1-score": 0.5651080945198592,
      "support": 910.0
    },
    "43.89": {
      "precision": 0.0,
      "recall": 0.0,
      "f1-score": 0.0,
      "support": 23.0
    },
    "45.22": {
      "precision": 0.39968895800933124,
      "recall": 0.39599383667180277,
      "f1-score": 0.3978328173374613,
      "support": 649.0
    },
    "46.550000000000004": {
      "precision": 0.22641509433962265,
      "recall": 0.21052631578947367,
      "f1-score": 0.21818181818181817,
      "support": 57.0
    },
    "47.88": {
      "precision": 0.36082474226804123,
      "recall": 0.20076481835564053,
      "f1-score": 0.257985257985258,
      "support": 523.0
    },
    "49.21": {
      "precision": 0.30718954248366015,
      "recall": 0.35877862595419846,
      "f1-score": 0.33098591549295775,
      "support": 131.0
    },
    "50.540000000000006": {
      "precision": 0.4519350811485643,
      "recall": 0.401330376940133,
      "f1-score": 0.4251321197886083,
      "support": 902.0
    },
    "51.870000000000005": {
      "precision": 0.32,
      "recall": 0.08888888888888889,
      "f1-score": 0.1391304347826087,
      "support": 90.0
    },
    "53.2": {
      "precision": 0.3610503282275711,
      "recall": 0.5020283975659229,
      "f1-score": 0.42002545608824776,
      "support": 986.0
    },
    "54.53": {
      "precision": 0.3306122448979592,