{
  "fecha_ejecucion": "20260424_112919",
  "columna_objetivo": "Sulfato",
  "columnas_a_evaluar": [
    "Turbiedad_cruda",
    "Color_agua_Natural",
    "pH_cruda",
    "Alcalinidad_total_cruda"
  ],
  "numero_capas_ocultas": 2,
  "neuronas_por_capa": [
    64,
    32
  ],
  "clases_objetivo": [
    "39.900000000000006",
    "41.230000000000004",
    "42.56",
    "43.89",
    "45.22",
    "46.550000000000004",
    "47.88",
    "49.21",
    "50.540000000000006",
    "51.870000000000005",
    "53.2",
    "54.53",
    "55.86",
    "57.190000000000005",
    "58.52",
    "59.85",
    "61.18000000000001",
    "62.510000000000005",
    "63.84",
    "65.17",
    "66.5",
    "67.83",
    "69.16",
    "70.49000000000001",
    "73.15"
  ],
  "loss_test": 1.8178467750549316,
  "accuracy_test": 0.39065566658973694,
  "tiempo_entrenamiento_segundos": 147.574005399998,
  "tiempo_entrenamiento_ms": 147574.005399998,
  "latencia_prediccion": {
    "tiempo_total_prediccion_segundos": 0.25725459999375744,
    "latencia_promedio_prediccion_ms": 0.03366766130005987,
    "muestras_test": 7641
  },
  "analisis_eficiencia": {
    "global": {
      "total_muestras_test": 7641,
      "aciertos_exactos_count": 2985,
      "aciertos_exactos_porcentaje": 39.065567334118576,
      "dentro_rango_pm2_count": 4474,
      "dentro_rango_pm2_porcentaje": 58.552545478340534,
      "por_encima_hasta_2_count": 777,
      "por_debajo_hasta_2_count": 712
    },
    "por_categoria": {
      "39.900000000000006": {
        "total_reales": 298,
        "aciertos_exactos": 146,
        "aciertos_exactos_porcentaje": 48.99328859060403,
        "dentro_rango_pm2": 212,
        "dentro_rango_pm2_porcentaje": 71.14093959731544
      },
      "41.230000000000004": {
        "total_reales": 26,
        "aciertos_exactos": 9,
        "aciertos_exactos_porcentaje": 34.61538461538461,
        "dentro_rango_pm2": 19,
        "dentro_rango_pm2_porcentaje": 73.07692307692307
      },
      "42.56": {
        "total_reales": 910,
        "aciertos_exactos": 557,
        "aciertos_exactos_porcentaje": 61.20879120879121,
        "dentro_rango_pm2": 664,
        "dentro_rango_pm2_porcentaje": 72.96703296703296
      },
      "43.89": {
        "total_reales": 23,
        "aciertos_exactos": 8,
        "aciertos_exactos_porcentaje": 34.78260869565217,
        "dentro_rango_pm2": 15,
        "dentro_rango_pm2_porcentaje": 65.21739130434783
      },
      "45.22": {
        "total_reales": 649,
        "aciertos_exactos": 225,
        "aciertos_exactos_porcentaje": 34.66872110939907,
        "dentro_rango_pm2": 349,
        "dentro_rango_pm2_porcentaje": 53.77503852080123
      },
      "46.550000000000004": {
        "total_reales": 57,
        "aciertos_exactos": 8,
        "aciertos_exactos_porcentaje": 14.035087719298245,
        "dentro_rango_pm2": 27,
        "dentro_rango_pm2_porcentaje": 47.368421052631575
      },
      "47.88": {
        "total_reales": 523,
        "aciertos_exactos": 173,
        "aciertos_exactos_porcentaje": 33.07839388145315,
        "dentro_rango_pm2": 251,
        "dentro_rango_pm2_porcentaje": 47.992351816443595
      },
      "49.21": {
        "total_reales": 131,
        "aciertos_exactos": 57,
        "aciertos_exactos_porcentaje": 43.51145038167939,
        "dentro_rango_pm2": 70,
        "dentro_rango_pm2_porcentaje": 53.43511450381679
      },
      "50.540000000000006": {
        "total_reales": 902,
        "aciertos_exactos": 375,
        "aciertos_exactos_porcentaje": 41.57427937915743,
        "dentro_rango_pm2": 555,
        "dentro_rango_pm2_porcentaje": 61.529933481153
      },
      "51.870000000000005": {
        "total_reales": 90,
        "aciertos_exactos": 0,
        "aciertos_exactos_porcentaje": 0.0,
        "dentro_rango_pm2": 24,
        "dentro_rango_pm2_porcentaje": 26.666666666666668
      },
      "53.2": {
        "total_reales": 986,
        "aciertos_exactos": 434,
        "aciertos_exactos_porcentaje": 44.01622718052739,
        "dentro_rango_pm2": 656,
        "dentro_rango_pm2_porcentaje": 66.5314401622718
      },
      "54.53": {
        "total_reales": 167,
        "aciertos_exactos": 47,
        "aciertos_exactos_porcentaje": 28.143712574850298,
        "dentro_rango_pm2": 113,
        "dentro_rango_pm2_porcentaje": 67.66467065868264
      },
      "55.86": {
        "total_reales": 874,
        "aciertos_exactos": 443,
        "aciertos_exactos_porcentaje": 50.68649885583524,
        "dentro_rango_pm2": 592,
        "dentro_rango_pm2_porcentaje": 67.7345537757437
      },
      "57.190000000000005": {
        "total_reales": 249,
        "aciertos_exactos": 67,
        "aciertos_exactos_porcentaje": 26.907630522088354,
        "dentro_rango_pm2": 113,
        "dentro_rango_pm2_porcentaje": 45.38152610441767
      },
      "58.52": {
        "total_reales": 436,
        "aciertos_exactos": 89,
        "aciertos_exactos_porcentaje": 20.412844036697248,
        "dentro_rango_pm2": 264,
        "dentro_rango_pm2_porcentaje": 60.550458715596335
      },
      "59.85": {
        "total_reales": 185,
        "aciertos_exactos": 102,
        "aciertos_exactos_porcentaje": 55.13513513513514,
        "dentro_rango_pm2": 120,
        "dentro_rango_pm2_porcentaje": 64.86486486486487
      },
      "61.18000000000001": {
        "total_reales": 548,
        "aciertos_exactos": 121,
        "aciertos_exactos_porcentaje": 22.08029197080292,
        "dentro_rango_pm2": 180,
        "dentro_rango_pm2_porcentaje": 32.846715328467155
      },
      "62.510000000000005": {
        "total_reales": 99,
        "aciertos_exactos": 17,
        "aciertos_exactos_porcentaje": 17.17171717171717,
        "dentro_rango_pm2": 41,
        "dentro_rango_pm2_porcentaje": 41.41414141414141
      },
      "63.84": {
        "total_reales": 264,
        "aciertos_exactos": 60,
        "aciertos_exactos_porcentaje": 22.727272727272727,
        "dentro_rango_pm2": 144,
        "dentro_rango_pm2_porcentaje": 54.54545454545454
      },
      "65.17": {
        "total_reales": 3,
        "aciertos_exactos": 0,
        "aciertos_exactos_porcentaje": 0.0,
        "dentro_rango_pm2": 1,
        "dentro_rango_pm2_porcentaje": 33.33333333333333
      },
      "66.5": {
        "total_reales": 173,
        "aciertos_exactos": 46,
        "aciertos_exactos_porcentaje": 26.589595375722542,
        "dentro_rango_pm2": 57,
        "dentro_rango_pm2_porcentaje": 32.947976878612714
      },
      "67.83": {
        "total_reales": 3,
        "aciertos_exactos": 0,
        "aciertos_exactos_porcentaje": 0.0,
        "dentro_rango_pm2": 3,
        "dentro_rango_pm2_porcentaje": 100.0
      },
      "69.16": {
        "total_reales": 31,
        "aciertos_exactos": 0,
        "aciertos_exactos_porcentaje": 0.0,
        "dentro_rango_pm2": 3,
        "dentro_rango_pm2_porcentaje": 9.67741935483871
      },
      "70.49000000000001": {
        "total_reales": 5,
        "aciertos_exactos": 0,
        "aciertos_exactos_porcentaje": 0.0,
        "dentro_rango_pm2": 0,
        "dentro_rango_pm2_porcentaje": 0.0
      },
      "73.15": {
        "total_reales": 9,
        "aciertos_exactos": 1,
        "aciertos_exactos_porcentaje": 11.11111111111111,
        "dentro_rango_pm2": 1,
        "dentro_rango_pm2_porcentaje": 11.11111111111111
      }
    }
  },