{
  "fecha_ejecucion": "20260424_112650",
  "columna_objetivo": "Sulfato",
  "columnas_a_evaluar": [
    "Turbiedad_cruda",
    "Color_agua_Natural",
    "pH_cruda",
    "Alcalinidad_total_cruda"
  ],
  "numero_capas_ocultas": 5,
  "neuronas_por_capa": [
    64,
    32,
    16,
    8,
    8
  ],
  "clases_objetivo": [
    "39.900000000000006",
    "41.230000000000004",
    "42.56",
    "43.89",
    "45.22",
    "46.550000000000004",
    "47.88",
    "49.21",
    "50.540000000000006",
    "51.870000000000005",
    "53.2",
    "54.53",
    "55.86",
    "57.190000000000005",
    "58.52",
    "59.85",
    "61.18000000000001",
    "62.510000000000005",
    "63.84",
    "65.17",
    "66.5",
    "67.83",
    "69.16",
    "70.49000000000001",
    "73.15"
  ],
  "loss_test": 1.9476704597473145,
  "accuracy_test": 0.36251798272132874,
  "tiempo_entrenamiento_segundos": 192.04066940000484,
  "tiempo_entrenamiento_ms": 192040.66940000484,
  "latencia_prediccion": {
    "tiempo_total_prediccion_segundos": 0.34279979999701027,
    "latencia_promedio_prediccion_ms": 0.044863211621124235,
    "muestras_test": 7641
  },
  "analisis_eficiencia": {
    "global": {
      "total_muestras_test": 7641,
      "aciertos_exactos_count": 2770,
      "aciertos_exactos_porcentaje": 36.2517995026829,
      "dentro_rango_pm2_count": 4445,
      "dentro_rango_pm2_porcentaje": 58.1730140034027,
      "por_encima_hasta_2_count": 865,
      "por_debajo_hasta_2_count": 810
    },
    "por_categoria": {
      "39.900000000000006": {
        "total_reales": 298,
        "aciertos_exactos": 174,
        "aciertos_exactos_porcentaje": 58.38926174496645,
        "dentro_rango_pm2": 248,
        "dentro_rango_pm2_porcentaje": 83.22147651006712
      },
      "41.230000000000004": {
        "total_reales": 26,
        "aciertos_exactos": 0,
        "aciertos_exactos_porcentaje": 0.0,
        "dentro_rango_pm2": 20,
        "dentro_rango_pm2_porcentaje": 76.92307692307693
      },
      "42.56": {
        "total_reales": 910,
        "aciertos_exactos": 634,
        "aciertos_exactos_porcentaje": 69.67032967032966,
        "dentro_rango_pm2": 722,
        "dentro_rango_pm2_porcentaje": 79.34065934065934
      },
      "43.89": {
        "total_reales": 23,
        "aciertos_exactos": 0,
        "aciertos_exactos_porcentaje": 0.0,
        "dentro_rango_pm2": 11,
        "dentro_rango_pm2_porcentaje": 47.82608695652174
      },
      "45.22": {
        "total_reales": 649,
        "aciertos_exactos": 160,
        "aciertos_exactos_porcentaje": 24.65331278890601,
        "dentro_rango_pm2": 309,
        "dentro_rango_pm2_porcentaje": 47.61171032357473
      },
      "46.550000000000004": {
        "total_reales": 57,
        "aciertos_exactos": 1,
        "aciertos_exactos_porcentaje": 1.7543859649122806,
        "dentro_rango_pm2": 14,
        "dentro_rango_pm2_porcentaje": 24.561403508771928
      },
      "47.88": {
        "total_reales": 523,
        "aciertos_exactos": 101,
        "aciertos_exactos_porcentaje": 19.311663479923517,
        "dentro_rango_pm2": 170,
        "dentro_rango_pm2_porcentaje": 32.504780114722756
      },
      "49.21": {
        "total_reales": 131,
        "aciertos_exactos": 12,
        "aciertos_exactos_porcentaje": 9.16030534351145,
        "dentro_rango_pm2": 23,
        "dentro_rango_pm2_porcentaje": 17.557251908396946
      },
      "50.540000000000006": {
        "total_reales": 902,
        "aciertos_exactos": 300,
        "aciertos_exactos_porcentaje": 33.25942350332594,
        "dentro_rango_pm2": 603,
        "dentro_rango_pm2_porcentaje": 66.85144124168514
      },
      "51.870000000000005": {
        "total_reales": 90,
        "aciertos_exactos": 2,
        "aciertos_exactos_porcentaje": 2.2222222222222223,
        "dentro_rango_pm2": 44,
        "dentro_rango_pm2_porcentaje": 48.888888888888886
      },
      "53.2": {
        "total_reales": 986,
        "aciertos_exactos": 542,
        "aciertos_exactos_porcentaje": 54.96957403651116,
        "dentro_rango_pm2": 755,
        "dentro_rango_pm2_porcentaje": 76.57200811359026
      },
      "54.53": {
        "total_reales": 167,
        "aciertos_exactos": 59,
        "aciertos_exactos_porcentaje": 35.32934131736527,
        "dentro_rango_pm2": 120,
        "dentro_rango_pm2_porcentaje": 71.8562874251497
      },
      "55.86": {
        "total_reales": 874,
        "aciertos_exactos": 407,
        "aciertos_exactos_porcentaje": 46.567505720823796,
        "dentro_rango_pm2": 584,
        "dentro_rango_pm2_porcentaje": 66.81922196796339
      },
      "57.190000000000005": {
        "total_reales": 249,
        "aciertos_exactos": 5,
        "aciertos_exactos_porcentaje": 2.0080321285140563,
        "dentro_rango_pm2": 52,
        "dentro_rango_pm2_porcentaje": 20.883534136546185
      },
      "58.52": {
        "total_reales": 436,
        "aciertos_exactos": 48,
        "aciertos_exactos_porcentaje": 11.009174311926607,
        "dentro_rango_pm2": 225,
        "dentro_rango_pm2_porcentaje": 51.60550458715596
      },
      "59.85": {
        "total_reales": 185,
        "aciertos_exactos": 109,
        "aciertos_exactos_porcentaje": 58.91891891891892,
        "dentro_rango_pm2": 126,
        "dentro_rango_pm2_porcentaje": 68.10810810810811
      },
      "61.18000000000001": {
        "total_reales": 548,
        "aciertos_exactos": 70,
        "aciertos_exactos_porcentaje": 12.773722627737227,
        "dentro_rango_pm2": 154,
        "dentro_rango_pm2_porcentaje": 28.102189781021895
      },
      "62.510000000000005": {
        "total_reales": 99,
        "aciertos_exactos": 3,
        "aciertos_exactos_porcentaje": 3.0303030303030303,
        "dentro_rango_pm2": 39,
        "dentro_rango_pm2_porcentaje": 39.39393939393939
      },
      "63.84": {
        "total_reales": 264,
        "aciertos_exactos": 98,
        "aciertos_exactos_porcentaje": 37.121212121212125,
        "dentro_rango_pm2": 147,
        "dentro_rango_pm2_porcentaje": 55.68181818181818
      },
      "65.17": {
        "total_reales": 3,
        "aciertos_exactos": 0,
        "aciertos_exactos_porcentaje": 0.0,
        "dentro_rango_pm2": 2,
        "dentro_rango_pm2_porcentaje": 66.66666666666666
      },
      "66.5": {
        "total_reales": 173,
        "aciertos_exactos": 45,
        "aciertos_exactos_porcentaje": 26.011560693641616,
        "dentro_rango_pm2": 72,
        "dentro_rango_pm2_porcentaje": 41.61849710982659
      },
      "67.83": {
        "total_reales": 3,
        "aciertos_exactos": 0,
        "aciertos_exactos_porcentaje": 0.0,
        "dentro_rango_pm2": 2,
        "dentro_rango_pm2_porcentaje": 66.66666666666666
      },
      "69.16": {
        "total_reales": 31,
        "aciertos_exactos": 0,
        "aciertos_exactos_porcentaje": 0.0,
        "dentro_rango_pm2": 3,
        "dentro_rango_pm2_porcentaje": 9.67741935483871
      },
      "70.49000000000001": {
        "total_reales": 5,
        "aciertos_exactos": 0,
        "aciertos_exactos_porcentaje": 0.0,
        "dentro_rango_pm2": 0,
        "dentro_rango_pm2_porcentaje": 0.0
      },
      "73.15": {
        "total_reales": 9,
        "aciertos_exactos": 0,
        "aciertos_exactos_porcentaje": 0.0,
        "dentro_rango_pm2": 0,
        "dentro_rango_pm2_porcentaje": 0.0
      }
    }
  },