{
  "fecha_ejecucion": "20260427_105940",
  "columna_objetivo": "Sulfato",
  "columnas_a_evaluar": [
    "Turbiedad_cruda",
    "Color_agua_Natural",
    "pH_cruda"
  ],
  "numero_capas_ocultas": 5,
  "neuronas_por_capa": [
    64,
    32,
    16,
    8,
    8
  ],
  "clases_objetivo": [
    "39.900000000000006",
    "41.230000000000004",
    "42.56",
    "43.89",
    "45.22",
    "46.550000000000004",
    "47.88",
    "49.21",
    "50.540000000000006",
    "51.870000000000005",
    "53.2",
    "54.53",
    "55.86",
    "57.190000000000005",
    "58.52",
    "59.85",
    "61.18000000000001",
    "62.510000000000005",
    "63.84",
    "65.17",
    "66.5",
    "67.83",
    "69.16",
    "70.49000000000001",
    "73.15"
  ],
  "loss_test": 1.9906350374221802,
  "accuracy_test": 0.3305850028991699,
  "tiempo_entrenamiento_segundos": 137.87328610001714,
  "tiempo_entrenamiento_ms": 137873.28610001714,
  "latencia_prediccion": {
    "tiempo_total_prediccion_segundos": 0.2547809999960009,
    "latencia_promedio_prediccion_ms": 0.03334393403952374,
    "muestras_test": 7641
  },
  "analisis_eficiencia": {
    "global": {
      "total_muestras_test": 7641,
      "aciertos_exactos_count": 2526,
      "aciertos_exactos_porcentaje": 33.05850019630938,
      "dentro_rango_pm2_count": 4123,
      "dentro_rango_pm2_porcentaje": 53.958905902368805,
      "por_encima_hasta_2_count": 752,
      "por_debajo_hasta_2_count": 845
    },
    "por_categoria": {
      "39.900000000000006": {
        "total_reales": 298,
        "aciertos_exactos": 119,
        "aciertos_exactos_porcentaje": 39.93288590604027,
        "dentro_rango_pm2": 226,
        "dentro_rango_pm2_porcentaje": 75.83892617449665
      },
      "41.230000000000004": {
        "total_reales": 26,
        "aciertos_exactos": 0,
        "aciertos_exactos_porcentaje": 0.0,
        "dentro_rango_pm2": 5,
        "dentro_rango_pm2_porcentaje": 19.230769230769234
      },
      "42.56": {
        "total_reales": 910,
        "aciertos_exactos": 597,
        "aciertos_exactos_porcentaje": 65.6043956043956,
        "dentro_rango_pm2": 679,
        "dentro_rango_pm2_porcentaje": 74.61538461538461
      },
      "43.89": {
        "total_reales": 23,
        "aciertos_exactos": 0,
        "aciertos_exactos_porcentaje": 0.0,
        "dentro_rango_pm2": 1,
        "dentro_rango_pm2_porcentaje": 4.3478260869565215
      },
      "45.22": {
        "total_reales": 649,
        "aciertos_exactos": 112,
        "aciertos_exactos_porcentaje": 17.257318952234208,
        "dentro_rango_pm2": 283,
        "dentro_rango_pm2_porcentaje": 43.6055469953775
      },
      "46.550000000000004": {
        "total_reales": 57,
        "aciertos_exactos": 1,
        "aciertos_exactos_porcentaje": 1.7543859649122806,
        "dentro_rango_pm2": 7,
        "dentro_rango_pm2_porcentaje": 12.280701754385964
      },
      "47.88": {
        "total_reales": 524,
        "aciertos_exactos": 8,
        "aciertos_exactos_porcentaje": 1.5267175572519083,
        "dentro_rango_pm2": 104,
        "dentro_rango_pm2_porcentaje": 19.84732824427481
      },
      "49.21": {
        "total_reales": 131,
        "aciertos_exactos": 54,
        "aciertos_exactos_porcentaje": 41.221374045801525,
        "dentro_rango_pm2": 70,
        "dentro_rango_pm2_porcentaje": 53.43511450381679
      },
      "50.540000000000006": {
        "total_reales": 902,
        "aciertos_exactos": 341,
        "aciertos_exactos_porcentaje": 37.80487804878049,
        "dentro_rango_pm2": 535,
        "dentro_rango_pm2_porcentaje": 59.312638580931264
      },
      "51.870000000000005": {
        "total_reales": 90,
        "aciertos_exactos": 2,
        "aciertos_exactos_porcentaje": 2.2222222222222223,
        "dentro_rango_pm2": 26,
        "dentro_rango_pm2_porcentaje": 28.888888888888886
      },
      "53.2": {
        "total_reales": 986,
        "aciertos_exactos": 458,
        "aciertos_exactos_porcentaje": 46.45030425963489,
        "dentro_rango_pm2": 698,
        "dentro_rango_pm2_porcentaje": 70.79107505070994
      },
      "54.53": {
        "total_reales": 167,
        "aciertos_exactos": 31,
        "aciertos_exactos_porcentaje": 18.562874251497004,
        "dentro_rango_pm2": 83,
        "dentro_rango_pm2_porcentaje": 49.700598802395206
      },
      "55.86": {
        "total_reales": 874,
        "aciertos_exactos": 399,
        "aciertos_exactos_porcentaje": 45.65217391304348,
        "dentro_rango_pm2": 551,
        "dentro_rango_pm2_porcentaje": 63.04347826086957
      },
      "57.190000000000005": {
        "total_reales": 249,
        "aciertos_exactos": 14,
        "aciertos_exactos_porcentaje": 5.622489959839357,
        "dentro_rango_pm2": 55,
        "dentro_rango_pm2_porcentaje": 22.08835341365462
      },
      "58.52": {
        "total_reales": 436,
        "aciertos_exactos": 82,
        "aciertos_exactos_porcentaje": 18.807339449541285,
        "dentro_rango_pm2": 240,
        "dentro_rango_pm2_porcentaje": 55.04587155963303
      },
      "59.85": {
        "total_reales": 185,
        "aciertos_exactos": 99,
        "aciertos_exactos_porcentaje": 53.51351351351351,
        "dentro_rango_pm2": 119,
        "dentro_rango_pm2_porcentaje": 64.32432432432432
      },
      "61.18000000000001": {
        "total_reales": 548,
        "aciertos_exactos": 35,
        "aciertos_exactos_porcentaje": 6.386861313868613,
        "dentro_rango_pm2": 150,
        "dentro_rango_pm2_porcentaje": 27.37226277372263
      },
      "62.510000000000005": {
        "total_reales": 99,
        "aciertos_exactos": 0,
        "aciertos_exactos_porcentaje": 0.0,
        "dentro_rango_pm2": 34,
        "dentro_rango_pm2_porcentaje": 34.34343434343434
      },
      "63.84": {
        "total_reales": 264,
        "aciertos_exactos": 115,
        "aciertos_exactos_porcentaje": 43.56060606060606,
        "dentro_rango_pm2": 163,
        "dentro_rango_pm2_porcentaje": 61.74242424242424
      },
      "65.17": {
        "total_reales": 3,
        "aciertos_exactos": 0,
        "aciertos_exactos_porcentaje": 0.0,
        "dentro_rango_pm2": 1,
        "dentro_rango_pm2_porcentaje": 33.33333333333333
      },
      "66.5": {
        "total_reales": 173,
        "aciertos_exactos": 58,
        "aciertos_exactos_porcentaje": 33.52601156069364,
        "dentro_rango_pm2": 80,
        "dentro_rango_pm2_porcentaje": 46.24277456647399
      },
      "67.83": {
        "total_reales": 2,
        "aciertos_exactos": 0,
        "aciertos_exactos_porcentaje": 0.0,
        "dentro_rango_pm2": 2,
        "dentro_rango_pm2_porcentaje": 100.0
      },
      "69.16": {
        "total_reales": 31,
        "aciertos_exactos": 1,
        "aciertos_exactos_porcentaje": 3.225806451612903,
        "dentro_rango_pm2": 11,
        "dentro_rango_pm2_porcentaje": 35.483870967741936
      },
      "70.49000000000001": {
        "total_reales": 5,
        "aciertos_exactos": 0,
        "aciertos_exactos_porcentaje": 0.0,
        "dentro_rango_pm2": 0,
        "dentro_rango_pm2_porcentaje": 0.0
      },
      "73.15": {
        "total_reales": 9,
        "aciertos_exactos": 0,
        "aciertos_exactos_porcentaje": 0.0,
        "dentro_rango_pm2": 0,
        "dentro_rango_pm2_porcentaje": 0.0
      }
    }
  },